{"accuracy": [0.595149040222168, 0.8547549843788147, 0.9125542640686035, 0.9390710592269897, 0.955558717250824, 0.9634824395179749, 0.9716053605079651, 0.9756028056144714, 0.9798847436904907, 0.9816345572471619], "loss": [1.3715178966522217, 0.45343947410583496, 0.268071711063385, 0.18376587331295013, 0.13632743060588837, 0.11036279797554016, 0.0863463431596756, 0.07602003961801529, 0.060689203441143036, 0.058794055134058], "val_accuracy": [0.8384930491447449, 0.9130434989929199, 0.9309127926826477, 0.9462212324142456, 0.9407011270523071, 0.9605622291564941, 0.9566355347633362, 0.958172082901001, 0.9661962389945984, 0.9631800651550293], "val_loss": [0.5107876062393188, 0.2773103415966034, 0.20994727313518524, 0.16557429730892181, 0.18430516123771667, 0.126698300242424, 0.13801391422748566, 0.1342417597770691, 0.1266540139913559, 0.12758088111877441]}